id,value
5/1/10,25.917378864022396
4/1/09,21.78204318356437
9/1/13,4.817821594228462
1/1/06,2.988358551556775
2/1/07,7.571861656480063
8/1/12,12.584197146687075
6/1/14,25.104984014508204
3/1/08,14.729503304596928
12/1/04,0.1035989706779219
7/1/11,20.467039322695086
