id,value
5/1/10,25.915639745922192
4/1/09,21.7850887839044
9/1/13,4.829717665772023
1/1/06,2.948341733426483
2/1/07,7.570129469815381
8/1/12,12.591861288256496
6/1/14,25.109102930885854
3/1/08,14.736363478943503
12/1/04,0.09550692562515906
7/1/11,20.467948466826556
