id,value
5/1/10,25.89618273244269
4/1/09,21.76435309010201
9/1/13,4.8057444042021675
1/1/06,2.9524330350692765
2/1/07,7.59599354455462
8/1/12,12.601353881947208
6/1/14,25.112457927300753
3/1/08,14.742379436851346
12/1/04,0.08983126809393732
7/1/11,20.49201987051734
