id,value
5/1/10,26.001270046254092
4/1/09,21.730329624961087
9/1/13,5.221146117320586
1/1/06,2.599273238542682
2/1/07,7.248245717969638
8/1/12,12.874567520590062
6/1/14,25.631891325907844
3/1/08,14.532887733269455
12/1/04,-0.43367943713201385
7/1/11,20.658453572569442
