id,value
5/1/10,26.551599999999997
4/1/09,21.6241
9/1/13,5.026
1/1/06,2.6731
2/1/07,7.164700000000001
8/1/12,13.2073
6/1/14,24.888400000000004
3/1/08,14.5429
12/1/04,-0.46549999999999986
7/1/11,20.8612
