id,value
5/1/10,26.303951520814344
4/1/09,21.67190333123249
9/1/13,5.113815752794264
1/1/06,2.639877957344207
2/1/07,7.202295573086339
8/1/12,13.057570384265528
6/1/14,25.222971096658533
3/1/08,14.538394479971256
12/1/04,-0.4511807467094062
7/1/11,20.76996410765625
