id,value
5/1/10,26.386501013876224
4/1/09,21.655968887488324
9/1/13,5.084543835196175
1/1/06,2.6509519715628045
2/1/07,7.189763715390892
8/1/12,13.107480256177016
6/1/14,25.111447397772356
3/1/08,14.539896319980834
12/1/04,-0.4559538311396041
7/1/11,20.80037607177083
